,model_name,alpha,lgM1,lgkappa,lgMcut,sigmalogM,sigmaintr
0,grid_0,0.5,12.5,-1.0,11.0,0.1,0.0
1,grid_1,0.5,12.5,-1.0,11.0,0.1,0.25
2,grid_2,0.5,12.5,-1.0,11.0,0.1,0.5
3,grid_3,0.5,12.5,-1.0,11.0,0.30000000000000004,0.0
4,grid_4,0.5,12.5,-1.0,11.0,0.30000000000000004,0.25
5,grid_5,0.5,12.5,-1.0,11.0,0.30000000000000004,0.5
6,grid_6,0.5,12.5,-1.0,11.0,0.5,0.0
7,grid_7,0.5,12.5,-1.0,11.0,0.5,0.25
8,grid_8,0.5,12.5,-1.0,11.0,0.5,0.5
9,grid_9,0.5,12.5,-1.0,11.75,0.1,0.0
10,grid_10,0.5,12.5,-1.0,11.75,0.1,0.25
11,grid_11,0.5,12.5,-1.0,11.75,0.1,0.5
12,grid_12,0.5,12.5,-1.0,11.75,0.30000000000000004,0.0
13,grid_13,0.5,12.5,-1.0,11.75,0.30000000000000004,0.25
14,grid_14,0.5,12.5,-1.0,11.75,0.30000000000000004,0.5
15,grid_15,0.5,12.5,-1.0,11.75,0.5,0.0
16,grid_16,0.5,12.5,-1.0,11.75,0.5,0.25
17,grid_17,0.5,12.5,-1.0,11.75,0.5,0.5
18,grid_18,0.5,12.5,-1.0,12.5,0.1,0.0
19,grid_19,0.5,12.5,-1.0,12.5,0.1,0.25
20,grid_20,0.5,12.5,-1.0,12.5,0.1,0.5
21,grid_21,0.5,12.5,-1.0,12.5,0.30000000000000004,0.0
22,grid_22,0.5,12.5,-1.0,12.5,0.30000000000000004,0.25
23,grid_23,0.5,12.5,-1.0,12.5,0.30000000000000004,0.5
24,grid_24,0.5,12.5,-1.0,12.5,0.5,0.0
25,grid_25,0.5,12.5,-1.0,12.5,0.5,0.25
26,grid_26,0.5,12.5,-1.0,12.5,0.5,0.5
27,grid_27,0.5,12.5,0.0,11.0,0.1,0.0
28,grid_28,0.5,12.5,0.0,11.0,0.1,0.25
29,grid_29,0.5,12.5,0.0,11.0,0.1,0.5
30,grid_30,0.5,12.5,0.0,11.0,0.30000000000000004,0.0
31,grid_31,0.5,12.5,0.0,11.0,0.30000000000000004,0.25
32,grid_32,0.5,12.5,0.0,11.0,0.30000000000000004,0.5
33,grid_33,0.5,12.5,0.0,11.0,0.5,0.0
34,grid_34,0.5,12.5,0.0,11.0,0.5,0.25
35,grid_35,0.5,12.5,0.0,11.0,0.5,0.5
36,grid_36,0.5,12.5,0.0,11.75,0.1,0.0
37,grid_37,0.5,12.5,0.0,11.75,0.1,0.25
38,grid_38,0.5,12.5,0.0,11.75,0.1,0.5
39,grid_39,0.5,12.5,0.0,11.75,0.30000000000000004,0.0
40,grid_40,0.5,12.5,0.0,11.75,0.30000000000000004,0.25
41,grid_41,0.5,12.5,0.0,11.75,0.30000000000000004,0.5
42,grid_42,0.5,12.5,0.0,11.75,0.5,0.0
43,grid_43,0.5,12.5,0.0,11.75,0.5,0.25
44,grid_44,0.5,12.5,0.0,11.75,0.5,0.5
45,grid_45,0.5,12.5,0.0,12.5,0.1,0.0
46,grid_46,0.5,12.5,0.0,12.5,0.1,0.25
47,grid_47,0.5,12.5,0.0,12.5,0.1,0.5
48,grid_48,0.5,12.5,0.0,12.5,0.30000000000000004,0.0
49,grid_49,0.5,12.5,0.0,12.5,0.30000000000000004,0.25
50,grid_50,0.5,12.5,0.0,12.5,0.30000000000000004,0.5
51,grid_51,0.5,12.5,0.0,12.5,0.5,0.0
52,grid_52,0.5,12.5,0.0,12.5,0.5,0.25
53,grid_53,0.5,12.5,0.0,12.5,0.5,0.5
54,grid_54,0.5,12.5,1.0,11.0,0.1,0.0
55,grid_55,0.5,12.5,1.0,11.0,0.1,0.25
56,grid_56,0.5,12.5,1.0,11.0,0.1,0.5
57,grid_57,0.5,12.5,1.0,11.0,0.30000000000000004,0.0
58,grid_58,0.5,12.5,1.0,11.0,0.30000000000000004,0.25
59,grid_59,0.5,12.5,1.0,11.0,0.30000000000000004,0.5
60,grid_60,0.5,12.5,1.0,11.0,0.5,0.0
61,grid_61,0.5,12.5,1.0,11.0,0.5,0.25
62,grid_62,0.5,12.5,1.0,11.0,0.5,0.5
63,grid_63,0.5,12.5,1.0,11.75,0.1,0.0
64,grid_64,0.5,12.5,1.0,11.75,0.1,0.25
65,grid_65,0.5,12.5,1.0,11.75,0.1,0.5
66,grid_66,0.5,12.5,1.0,11.75,0.30000000000000004,0.0
67,grid_67,0.5,12.5,1.0,11.75,0.30000000000000004,0.25
68,grid_68,0.5,12.5,1.0,11.75,0.30000000000000004,0.5
69,grid_69,0.5,12.5,1.0,11.75,0.5,0.0
70,grid_70,0.5,12.5,1.0,11.75,0.5,0.25
71,grid_71,0.5,12.5,1.0,11.75,0.5,0.5
72,grid_72,0.5,12.5,1.0,12.5,0.1,0.0
73,grid_73,0.5,12.5,1.0,12.5,0.1,0.25
74,grid_74,0.5,12.5,1.0,12.5,0.1,0.5
75,grid_75,0.5,12.5,1.0,12.5,0.30000000000000004,0.0
76,grid_76,0.5,12.5,1.0,12.5,0.30000000000000004,0.25
77,grid_77,0.5,12.5,1.0,12.5,0.30000000000000004,0.5
78,grid_78,0.5,12.5,1.0,12.5,0.5,0.0
79,grid_79,0.5,12.5,1.0,12.5,0.5,0.25
80,grid_80,0.5,12.5,1.0,12.5,0.5,0.5
81,grid_81,0.5,12.9,-1.0,11.0,0.1,0.0
82,grid_82,0.5,12.9,-1.0,11.0,0.1,0.25
83,grid_83,0.5,12.9,-1.0,11.0,0.1,0.5
84,grid_84,0.5,12.9,-1.0,11.0,0.30000000000000004,0.0
85,grid_85,0.5,12.9,-1.0,11.0,0.30000000000000004,0.25
86,grid_86,0.5,12.9,-1.0,11.0,0.30000000000000004,0.5
87,grid_87,0.5,12.9,-1.0,11.0,0.5,0.0
88,grid_88,0.5,12.9,-1.0,11.0,0.5,0.25
89,grid_89,0.5,12.9,-1.0,11.0,0.5,0.5
90,grid_90,0.5,12.9,-1.0,11.75,0.1,0.0
91,grid_91,0.5,12.9,-1.0,11.75,0.1,0.25
92,grid_92,0.5,12.9,-1.0,11.75,0.1,0.5
93,grid_93,0.5,12.9,-1.0,11.75,0.30000000000000004,0.0
94,grid_94,0.5,12.9,-1.0,11.75,0.30000000000000004,0.25
95,grid_95,0.5,12.9,-1.0,11.75,0.30000000000000004,0.5
96,grid_96,0.5,12.9,-1.0,11.75,0.5,0.0
97,grid_97,0.5,12.9,-1.0,11.75,0.5,0.25
98,grid_98,0.5,12.9,-1.0,11.75,0.5,0.5
99,grid_99,0.5,12.9,-1.0,12.5,0.1,0.0
100,grid_100,0.5,12.9,-1.0,12.5,0.1,0.25
101,grid_101,0.5,12.9,-1.0,12.5,0.1,0.5
102,grid_102,0.5,12.9,-1.0,12.5,0.30000000000000004,0.0
103,grid_103,0.5,12.9,-1.0,12.5,0.30000000000000004,0.25
104,grid_104,0.5,12.9,-1.0,12.5,0.30000000000000004,0.5
105,grid_105,0.5,12.9,-1.0,12.5,0.5,0.0
106,grid_106,0.5,12.9,-1.0,12.5,0.5,0.25
107,grid_107,0.5,12.9,-1.0,12.5,0.5,0.5
108,grid_108,0.5,12.9,0.0,11.0,0.1,0.0
109,grid_109,0.5,12.9,0.0,11.0,0.1,0.25
110,grid_110,0.5,12.9,0.0,11.0,0.1,0.5
111,grid_111,0.5,12.9,0.0,11.0,0.30000000000000004,0.0
112,grid_112,0.5,12.9,0.0,11.0,0.30000000000000004,0.25
113,grid_113,0.5,12.9,0.0,11.0,0.30000000000000004,0.5
114,grid_114,0.5,12.9,0.0,11.0,0.5,0.0
115,grid_115,0.5,12.9,0.0,11.0,0.5,0.25
116,grid_116,0.5,12.9,0.0,11.0,0.5,0.5
117,grid_117,0.5,12.9,0.0,11.75,0.1,0.0
118,grid_118,0.5,12.9,0.0,11.75,0.1,0.25
119,grid_119,0.5,12.9,0.0,11.75,0.1,0.5
120,grid_120,0.5,12.9,0.0,11.75,0.30000000000000004,0.0
121,grid_121,0.5,12.9,0.0,11.75,0.30000000000000004,0.25
122,grid_122,0.5,12.9,0.0,11.75,0.30000000000000004,0.5
123,grid_123,0.5,12.9,0.0,11.75,0.5,0.0
124,grid_124,0.5,12.9,0.0,11.75,0.5,0.25
125,grid_125,0.5,12.9,0.0,11.75,0.5,0.5
126,grid_126,0.5,12.9,0.0,12.5,0.1,0.0
127,grid_127,0.5,12.9,0.0,12.5,0.1,0.25
128,grid_128,0.5,12.9,0.0,12.5,0.1,0.5
129,grid_129,0.5,12.9,0.0,12.5,0.30000000000000004,0.0
130,grid_130,0.5,12.9,0.0,12.5,0.30000000000000004,0.25
131,grid_131,0.5,12.9,0.0,12.5,0.30000000000000004,0.5
132,grid_132,0.5,12.9,0.0,12.5,0.5,0.0
133,grid_133,0.5,12.9,0.0,12.5,0.5,0.25
134,grid_134,0.5,12.9,0.0,12.5,0.5,0.5
135,grid_135,0.5,12.9,1.0,11.0,0.1,0.0
136,grid_136,0.5,12.9,1.0,11.0,0.1,0.25
137,grid_137,0.5,12.9,1.0,11.0,0.1,0.5
138,grid_138,0.5,12.9,1.0,11.0,0.30000000000000004,0.0
139,grid_139,0.5,12.9,1.0,11.0,0.30000000000000004,0.25
140,grid_140,0.5,12.9,1.0,11.0,0.30000000000000004,0.5
141,grid_141,0.5,12.9,1.0,11.0,0.5,0.0
142,grid_142,0.5,12.9,1.0,11.0,0.5,0.25
143,grid_143,0.5,12.9,1.0,11.0,0.5,0.5
144,grid_144,0.5,12.9,1.0,11.75,0.1,0.0
145,grid_145,0.5,12.9,1.0,11.75,0.1,0.25
146,grid_146,0.5,12.9,1.0,11.75,0.1,0.5
147,grid_147,0.5,12.9,1.0,11.75,0.30000000000000004,0.0
148,grid_148,0.5,12.9,1.0,11.75,0.30000000000000004,0.25
149,grid_149,0.5,12.9,1.0,11.75,0.30000000000000004,0.5
150,grid_150,0.5,12.9,1.0,11.75,0.5,0.0
151,grid_151,0.5,12.9,1.0,11.75,0.5,0.25
152,grid_152,0.5,12.9,1.0,11.75,0.5,0.5
153,grid_153,0.5,12.9,1.0,12.5,0.1,0.0
154,grid_154,0.5,12.9,1.0,12.5,0.1,0.25
155,grid_155,0.5,12.9,1.0,12.5,0.1,0.5
156,grid_156,0.5,12.9,1.0,12.5,0.30000000000000004,0.0
157,grid_157,0.5,12.9,1.0,12.5,0.30000000000000004,0.25
158,grid_158,0.5,12.9,1.0,12.5,0.30000000000000004,0.5
159,grid_159,0.5,12.9,1.0,12.5,0.5,0.0
160,grid_160,0.5,12.9,1.0,12.5,0.5,0.25
161,grid_161,0.5,12.9,1.0,12.5,0.5,0.5
162,grid_162,0.5,13.3,-1.0,11.0,0.1,0.0
163,grid_163,0.5,13.3,-1.0,11.0,0.1,0.25
164,grid_164,0.5,13.3,-1.0,11.0,0.1,0.5
165,grid_165,0.5,13.3,-1.0,11.0,0.30000000000000004,0.0
166,grid_166,0.5,13.3,-1.0,11.0,0.30000000000000004,0.25
167,grid_167,0.5,13.3,-1.0,11.0,0.30000000000000004,0.5
168,grid_168,0.5,13.3,-1.0,11.0,0.5,0.0
169,grid_169,0.5,13.3,-1.0,11.0,0.5,0.25
170,grid_170,0.5,13.3,-1.0,11.0,0.5,0.5
171,grid_171,0.5,13.3,-1.0,11.75,0.1,0.0
172,grid_172,0.5,13.3,-1.0,11.75,0.1,0.25
173,grid_173,0.5,13.3,-1.0,11.75,0.1,0.5
174,grid_174,0.5,13.3,-1.0,11.75,0.30000000000000004,0.0
175,grid_175,0.5,13.3,-1.0,11.75,0.30000000000000004,0.25
176,grid_176,0.5,13.3,-1.0,11.75,0.30000000000000004,0.5
177,grid_177,0.5,13.3,-1.0,11.75,0.5,0.0
178,grid_178,0.5,13.3,-1.0,11.75,0.5,0.25
179,grid_179,0.5,13.3,-1.0,11.75,0.5,0.5
180,grid_180,0.5,13.3,-1.0,12.5,0.1,0.0
181,grid_181,0.5,13.3,-1.0,12.5,0.1,0.25
182,grid_182,0.5,13.3,-1.0,12.5,0.1,0.5
183,grid_183,0.5,13.3,-1.0,12.5,0.30000000000000004,0.0
184,grid_184,0.5,13.3,-1.0,12.5,0.30000000000000004,0.25
185,grid_185,0.5,13.3,-1.0,12.5,0.30000000000000004,0.5
186,grid_186,0.5,13.3,-1.0,12.5,0.5,0.0
187,grid_187,0.5,13.3,-1.0,12.5,0.5,0.25
188,grid_188,0.5,13.3,-1.0,12.5,0.5,0.5
189,grid_189,0.5,13.3,0.0,11.0,0.1,0.0
190,grid_190,0.5,13.3,0.0,11.0,0.1,0.25
191,grid_191,0.5,13.3,0.0,11.0,0.1,0.5
192,grid_192,0.5,13.3,0.0,11.0,0.30000000000000004,0.0
193,grid_193,0.5,13.3,0.0,11.0,0.30000000000000004,0.25
194,grid_194,0.5,13.3,0.0,11.0,0.30000000000000004,0.5
195,grid_195,0.5,13.3,0.0,11.0,0.5,0.0
196,grid_196,0.5,13.3,0.0,11.0,0.5,0.25
197,grid_197,0.5,13.3,0.0,11.0,0.5,0.5
198,grid_198,0.5,13.3,0.0,11.75,0.1,0.0
199,grid_199,0.5,13.3,0.0,11.75,0.1,0.25
200,grid_200,0.5,13.3,0.0,11.75,0.1,0.5
201,grid_201,0.5,13.3,0.0,11.75,0.30000000000000004,0.0
202,grid_202,0.5,13.3,0.0,11.75,0.30000000000000004,0.25
203,grid_203,0.5,13.3,0.0,11.75,0.30000000000000004,0.5
204,grid_204,0.5,13.3,0.0,11.75,0.5,0.0
205,grid_205,0.5,13.3,0.0,11.75,0.5,0.25
206,grid_206,0.5,13.3,0.0,11.75,0.5,0.5
207,grid_207,0.5,13.3,0.0,12.5,0.1,0.0
208,grid_208,0.5,13.3,0.0,12.5,0.1,0.25
209,grid_209,0.5,13.3,0.0,12.5,0.1,0.5
210,grid_210,0.5,13.3,0.0,12.5,0.30000000000000004,0.0
211,grid_211,0.5,13.3,0.0,12.5,0.30000000000000004,0.25
212,grid_212,0.5,13.3,0.0,12.5,0.30000000000000004,0.5
213,grid_213,0.5,13.3,0.0,12.5,0.5,0.0
214,grid_214,0.5,13.3,0.0,12.5,0.5,0.25
215,grid_215,0.5,13.3,0.0,12.5,0.5,0.5
216,grid_216,0.5,13.3,1.0,11.0,0.1,0.0
217,grid_217,0.5,13.3,1.0,11.0,0.1,0.25
218,grid_218,0.5,13.3,1.0,11.0,0.1,0.5
219,grid_219,0.5,13.3,1.0,11.0,0.30000000000000004,0.0
220,grid_220,0.5,13.3,1.0,11.0,0.30000000000000004,0.25
221,grid_221,0.5,13.3,1.0,11.0,0.30000000000000004,0.5
222,grid_222,0.5,13.3,1.0,11.0,0.5,0.0
223,grid_223,0.5,13.3,1.0,11.0,0.5,0.25
224,grid_224,0.5,13.3,1.0,11.0,0.5,0.5
225,grid_225,0.5,13.3,1.0,11.75,0.1,0.0
226,grid_226,0.5,13.3,1.0,11.75,0.1,0.25
227,grid_227,0.5,13.3,1.0,11.75,0.1,0.5
228,grid_228,0.5,13.3,1.0,11.75,0.30000000000000004,0.0
229,grid_229,0.5,13.3,1.0,11.75,0.30000000000000004,0.25
230,grid_230,0.5,13.3,1.0,11.75,0.30000000000000004,0.5
231,grid_231,0.5,13.3,1.0,11.75,0.5,0.0
232,grid_232,0.5,13.3,1.0,11.75,0.5,0.25
233,grid_233,0.5,13.3,1.0,11.75,0.5,0.5
234,grid_234,0.5,13.3,1.0,12.5,0.1,0.0
235,grid_235,0.5,13.3,1.0,12.5,0.1,0.25
236,grid_236,0.5,13.3,1.0,12.5,0.1,0.5
237,grid_237,0.5,13.3,1.0,12.5,0.30000000000000004,0.0
238,grid_238,0.5,13.3,1.0,12.5,0.30000000000000004,0.25
239,grid_239,0.5,13.3,1.0,12.5,0.30000000000000004,0.5
240,grid_240,0.5,13.3,1.0,12.5,0.5,0.0
241,grid_241,0.5,13.3,1.0,12.5,0.5,0.25
242,grid_242,0.5,13.3,1.0,12.5,0.5,0.5
243,grid_243,1.0,12.5,-1.0,11.0,0.1,0.0
244,grid_244,1.0,12.5,-1.0,11.0,0.1,0.25
245,grid_245,1.0,12.5,-1.0,11.0,0.1,0.5
246,grid_246,1.0,12.5,-1.0,11.0,0.30000000000000004,0.0
247,grid_247,1.0,12.5,-1.0,11.0,0.30000000000000004,0.25
248,grid_248,1.0,12.5,-1.0,11.0,0.30000000000000004,0.5
249,grid_249,1.0,12.5,-1.0,11.0,0.5,0.0
250,grid_250,1.0,12.5,-1.0,11.0,0.5,0.25
251,grid_251,1.0,12.5,-1.0,11.0,0.5,0.5
252,grid_252,1.0,12.5,-1.0,11.75,0.1,0.0
253,grid_253,1.0,12.5,-1.0,11.75,0.1,0.25
254,grid_254,1.0,12.5,-1.0,11.75,0.1,0.5
255,grid_255,1.0,12.5,-1.0,11.75,0.30000000000000004,0.0
256,grid_256,1.0,12.5,-1.0,11.75,0.30000000000000004,0.25
257,grid_257,1.0,12.5,-1.0,11.75,0.30000000000000004,0.5
258,grid_258,1.0,12.5,-1.0,11.75,0.5,0.0
259,grid_259,1.0,12.5,-1.0,11.75,0.5,0.25
260,grid_260,1.0,12.5,-1.0,11.75,0.5,0.5
261,grid_261,1.0,12.5,-1.0,12.5,0.1,0.0
262,grid_262,1.0,12.5,-1.0,12.5,0.1,0.25
263,grid_263,1.0,12.5,-1.0,12.5,0.1,0.5
264,grid_264,1.0,12.5,-1.0,12.5,0.30000000000000004,0.0
265,grid_265,1.0,12.5,-1.0,12.5,0.30000000000000004,0.25
266,grid_266,1.0,12.5,-1.0,12.5,0.30000000000000004,0.5
267,grid_267,1.0,12.5,-1.0,12.5,0.5,0.0
268,grid_268,1.0,12.5,-1.0,12.5,0.5,0.25
269,grid_269,1.0,12.5,-1.0,12.5,0.5,0.5
270,grid_270,1.0,12.5,0.0,11.0,0.1,0.0
271,grid_271,1.0,12.5,0.0,11.0,0.1,0.25
272,grid_272,1.0,12.5,0.0,11.0,0.1,0.5
273,grid_273,1.0,12.5,0.0,11.0,0.30000000000000004,0.0
274,grid_274,1.0,12.5,0.0,11.0,0.30000000000000004,0.25
275,grid_275,1.0,12.5,0.0,11.0,0.30000000000000004,0.5
276,grid_276,1.0,12.5,0.0,11.0,0.5,0.0
277,grid_277,1.0,12.5,0.0,11.0,0.5,0.25
278,grid_278,1.0,12.5,0.0,11.0,0.5,0.5
279,grid_279,1.0,12.5,0.0,11.75,0.1,0.0
280,grid_280,1.0,12.5,0.0,11.75,0.1,0.25
281,grid_281,1.0,12.5,0.0,11.75,0.1,0.5
282,grid_282,1.0,12.5,0.0,11.75,0.30000000000000004,0.0
283,grid_283,1.0,12.5,0.0,11.75,0.30000000000000004,0.25
284,grid_284,1.0,12.5,0.0,11.75,0.30000000000000004,0.5
285,grid_285,1.0,12.5,0.0,11.75,0.5,0.0
286,grid_286,1.0,12.5,0.0,11.75,0.5,0.25
287,grid_287,1.0,12.5,0.0,11.75,0.5,0.5
288,grid_288,1.0,12.5,0.0,12.5,0.1,0.0
289,grid_289,1.0,12.5,0.0,12.5,0.1,0.25
290,grid_290,1.0,12.5,0.0,12.5,0.1,0.5
291,grid_291,1.0,12.5,0.0,12.5,0.30000000000000004,0.0
292,grid_292,1.0,12.5,0.0,12.5,0.30000000000000004,0.25
293,grid_293,1.0,12.5,0.0,12.5,0.30000000000000004,0.5
294,grid_294,1.0,12.5,0.0,12.5,0.5,0.0
295,grid_295,1.0,12.5,0.0,12.5,0.5,0.25
296,grid_296,1.0,12.5,0.0,12.5,0.5,0.5
297,grid_297,1.0,12.5,1.0,11.0,0.1,0.0
298,grid_298,1.0,12.5,1.0,11.0,0.1,0.25
299,grid_299,1.0,12.5,1.0,11.0,0.1,0.5
300,grid_300,1.0,12.5,1.0,11.0,0.30000000000000004,0.0
301,grid_301,1.0,12.5,1.0,11.0,0.30000000000000004,0.25
302,grid_302,1.0,12.5,1.0,11.0,0.30000000000000004,0.5
303,grid_303,1.0,12.5,1.0,11.0,0.5,0.0
304,grid_304,1.0,12.5,1.0,11.0,0.5,0.25
305,grid_305,1.0,12.5,1.0,11.0,0.5,0.5
306,grid_306,1.0,12.5,1.0,11.75,0.1,0.0
307,grid_307,1.0,12.5,1.0,11.75,0.1,0.25
308,grid_308,1.0,12.5,1.0,11.75,0.1,0.5
309,grid_309,1.0,12.5,1.0,11.75,0.30000000000000004,0.0
310,grid_310,1.0,12.5,1.0,11.75,0.30000000000000004,0.25
311,grid_311,1.0,12.5,1.0,11.75,0.30000000000000004,0.5
312,grid_312,1.0,12.5,1.0,11.75,0.5,0.0
313,grid_313,1.0,12.5,1.0,11.75,0.5,0.25
314,grid_314,1.0,12.5,1.0,11.75,0.5,0.5
315,grid_315,1.0,12.5,1.0,12.5,0.1,0.0
316,grid_316,1.0,12.5,1.0,12.5,0.1,0.25
317,grid_317,1.0,12.5,1.0,12.5,0.1,0.5
318,grid_318,1.0,12.5,1.0,12.5,0.30000000000000004,0.0
319,grid_319,1.0,12.5,1.0,12.5,0.30000000000000004,0.25
320,grid_320,1.0,12.5,1.0,12.5,0.30000000000000004,0.5
321,grid_321,1.0,12.5,1.0,12.5,0.5,0.0
322,grid_322,1.0,12.5,1.0,12.5,0.5,0.25
323,grid_323,1.0,12.5,1.0,12.5,0.5,0.5
324,grid_324,1.0,12.9,-1.0,11.0,0.1,0.0
325,grid_325,1.0,12.9,-1.0,11.0,0.1,0.25
326,grid_326,1.0,12.9,-1.0,11.0,0.1,0.5
327,grid_327,1.0,12.9,-1.0,11.0,0.30000000000000004,0.0
328,grid_328,1.0,12.9,-1.0,11.0,0.30000000000000004,0.25
329,grid_329,1.0,12.9,-1.0,11.0,0.30000000000000004,0.5
330,grid_330,1.0,12.9,-1.0,11.0,0.5,0.0
331,grid_331,1.0,12.9,-1.0,11.0,0.5,0.25
332,grid_332,1.0,12.9,-1.0,11.0,0.5,0.5
333,grid_333,1.0,12.9,-1.0,11.75,0.1,0.0
334,grid_334,1.0,12.9,-1.0,11.75,0.1,0.25
335,grid_335,1.0,12.9,-1.0,11.75,0.1,0.5
336,grid_336,1.0,12.9,-1.0,11.75,0.30000000000000004,0.0
337,grid_337,1.0,12.9,-1.0,11.75,0.30000000000000004,0.25
338,grid_338,1.0,12.9,-1.0,11.75,0.30000000000000004,0.5
339,grid_339,1.0,12.9,-1.0,11.75,0.5,0.0
340,grid_340,1.0,12.9,-1.0,11.75,0.5,0.25
341,grid_341,1.0,12.9,-1.0,11.75,0.5,0.5
342,grid_342,1.0,12.9,-1.0,12.5,0.1,0.0
343,grid_343,1.0,12.9,-1.0,12.5,0.1,0.25
344,grid_344,1.0,12.9,-1.0,12.5,0.1,0.5
345,grid_345,1.0,12.9,-1.0,12.5,0.30000000000000004,0.0
346,grid_346,1.0,12.9,-1.0,12.5,0.30000000000000004,0.25
347,grid_347,1.0,12.9,-1.0,12.5,0.30000000000000004,0.5
348,grid_348,1.0,12.9,-1.0,12.5,0.5,0.0
349,grid_349,1.0,12.9,-1.0,12.5,0.5,0.25
350,grid_350,1.0,12.9,-1.0,12.5,0.5,0.5
351,grid_351,1.0,12.9,0.0,11.0,0.1,0.0
352,grid_352,1.0,12.9,0.0,11.0,0.1,0.25
353,grid_353,1.0,12.9,0.0,11.0,0.1,0.5
354,grid_354,1.0,12.9,0.0,11.0,0.30000000000000004,0.0
355,grid_355,1.0,12.9,0.0,11.0,0.30000000000000004,0.25
356,grid_356,1.0,12.9,0.0,11.0,0.30000000000000004,0.5
357,grid_357,1.0,12.9,0.0,11.0,0.5,0.0
358,grid_358,1.0,12.9,0.0,11.0,0.5,0.25
359,grid_359,1.0,12.9,0.0,11.0,0.5,0.5
360,grid_360,1.0,12.9,0.0,11.75,0.1,0.0
361,grid_361,1.0,12.9,0.0,11.75,0.1,0.25
362,grid_362,1.0,12.9,0.0,11.75,0.1,0.5
363,grid_363,1.0,12.9,0.0,11.75,0.30000000000000004,0.0
364,grid_364,1.0,12.9,0.0,11.75,0.30000000000000004,0.25
365,grid_365,1.0,12.9,0.0,11.75,0.30000000000000004,0.5
366,grid_366,1.0,12.9,0.0,11.75,0.5,0.0
367,grid_367,1.0,12.9,0.0,11.75,0.5,0.25
368,grid_368,1.0,12.9,0.0,11.75,0.5,0.5
369,grid_369,1.0,12.9,0.0,12.5,0.1,0.0
370,grid_370,1.0,12.9,0.0,12.5,0.1,0.25
371,grid_371,1.0,12.9,0.0,12.5,0.1,0.5
372,grid_372,1.0,12.9,0.0,12.5,0.30000000000000004,0.0
373,grid_373,1.0,12.9,0.0,12.5,0.30000000000000004,0.25
374,grid_374,1.0,12.9,0.0,12.5,0.30000000000000004,0.5
375,grid_375,1.0,12.9,0.0,12.5,0.5,0.0
376,grid_376,1.0,12.9,0.0,12.5,0.5,0.25
377,grid_377,1.0,12.9,0.0,12.5,0.5,0.5
378,grid_378,1.0,12.9,1.0,11.0,0.1,0.0
379,grid_379,1.0,12.9,1.0,11.0,0.1,0.25
380,grid_380,1.0,12.9,1.0,11.0,0.1,0.5
381,grid_381,1.0,12.9,1.0,11.0,0.30000000000000004,0.0
382,grid_382,1.0,12.9,1.0,11.0,0.30000000000000004,0.25
383,grid_383,1.0,12.9,1.0,11.0,0.30000000000000004,0.5
384,grid_384,1.0,12.9,1.0,11.0,0.5,0.0
385,grid_385,1.0,12.9,1.0,11.0,0.5,0.25
386,grid_386,1.0,12.9,1.0,11.0,0.5,0.5
387,grid_387,1.0,12.9,1.0,11.75,0.1,0.0
388,grid_388,1.0,12.9,1.0,11.75,0.1,0.25
389,grid_389,1.0,12.9,1.0,11.75,0.1,0.5
390,grid_390,1.0,12.9,1.0,11.75,0.30000000000000004,0.0
391,grid_391,1.0,12.9,1.0,11.75,0.30000000000000004,0.25
392,grid_392,1.0,12.9,1.0,11.75,0.30000000000000004,0.5
393,grid_393,1.0,12.9,1.0,11.75,0.5,0.0
394,grid_394,1.0,12.9,1.0,11.75,0.5,0.25
395,grid_395,1.0,12.9,1.0,11.75,0.5,0.5
396,grid_396,1.0,12.9,1.0,12.5,0.1,0.0
397,grid_397,1.0,12.9,1.0,12.5,0.1,0.25
398,grid_398,1.0,12.9,1.0,12.5,0.1,0.5
399,grid_399,1.0,12.9,1.0,12.5,0.30000000000000004,0.0
400,grid_400,1.0,12.9,1.0,12.5,0.30000000000000004,0.25
401,grid_401,1.0,12.9,1.0,12.5,0.30000000000000004,0.5
402,grid_402,1.0,12.9,1.0,12.5,0.5,0.0
403,grid_403,1.0,12.9,1.0,12.5,0.5,0.25
404,grid_404,1.0,12.9,1.0,12.5,0.5,0.5
405,grid_405,1.0,13.3,-1.0,11.0,0.1,0.0
406,grid_406,1.0,13.3,-1.0,11.0,0.1,0.25
407,grid_407,1.0,13.3,-1.0,11.0,0.1,0.5
408,grid_408,1.0,13.3,-1.0,11.0,0.30000000000000004,0.0
409,grid_409,1.0,13.3,-1.0,11.0,0.30000000000000004,0.25
410,grid_410,1.0,13.3,-1.0,11.0,0.30000000000000004,0.5
411,grid_411,1.0,13.3,-1.0,11.0,0.5,0.0
412,grid_412,1.0,13.3,-1.0,11.0,0.5,0.25
413,grid_413,1.0,13.3,-1.0,11.0,0.5,0.5
414,grid_414,1.0,13.3,-1.0,11.75,0.1,0.0
415,grid_415,1.0,13.3,-1.0,11.75,0.1,0.25
416,grid_416,1.0,13.3,-1.0,11.75,0.1,0.5
417,grid_417,1.0,13.3,-1.0,11.75,0.30000000000000004,0.0
418,grid_418,1.0,13.3,-1.0,11.75,0.30000000000000004,0.25
419,grid_419,1.0,13.3,-1.0,11.75,0.30000000000000004,0.5
420,grid_420,1.0,13.3,-1.0,11.75,0.5,0.0
421,grid_421,1.0,13.3,-1.0,11.75,0.5,0.25
422,grid_422,1.0,13.3,-1.0,11.75,0.5,0.5
423,grid_423,1.0,13.3,-1.0,12.5,0.1,0.0
424,grid_424,1.0,13.3,-1.0,12.5,0.1,0.25
425,grid_425,1.0,13.3,-1.0,12.5,0.1,0.5
426,grid_426,1.0,13.3,-1.0,12.5,0.30000000000000004,0.0
427,grid_427,1.0,13.3,-1.0,12.5,0.30000000000000004,0.25
428,grid_428,1.0,13.3,-1.0,12.5,0.30000000000000004,0.5
429,grid_429,1.0,13.3,-1.0,12.5,0.5,0.0
430,grid_430,1.0,13.3,-1.0,12.5,0.5,0.25
431,grid_431,1.0,13.3,-1.0,12.5,0.5,0.5
432,grid_432,1.0,13.3,0.0,11.0,0.1,0.0
433,grid_433,1.0,13.3,0.0,11.0,0.1,0.25
434,grid_434,1.0,13.3,0.0,11.0,0.1,0.5
435,grid_435,1.0,13.3,0.0,11.0,0.30000000000000004,0.0
436,grid_436,1.0,13.3,0.0,11.0,0.30000000000000004,0.25
437,grid_437,1.0,13.3,0.0,11.0,0.30000000000000004,0.5
438,grid_438,1.0,13.3,0.0,11.0,0.5,0.0
439,grid_439,1.0,13.3,0.0,11.0,0.5,0.25
440,grid_440,1.0,13.3,0.0,11.0,0.5,0.5
441,grid_441,1.0,13.3,0.0,11.75,0.1,0.0
442,grid_442,1.0,13.3,0.0,11.75,0.1,0.25
443,grid_443,1.0,13.3,0.0,11.75,0.1,0.5
444,grid_444,1.0,13.3,0.0,11.75,0.30000000000000004,0.0
445,grid_445,1.0,13.3,0.0,11.75,0.30000000000000004,0.25
446,grid_446,1.0,13.3,0.0,11.75,0.30000000000000004,0.5
447,grid_447,1.0,13.3,0.0,11.75,0.5,0.0
448,grid_448,1.0,13.3,0.0,11.75,0.5,0.25
449,grid_449,1.0,13.3,0.0,11.75,0.5,0.5
450,grid_450,1.0,13.3,0.0,12.5,0.1,0.0
451,grid_451,1.0,13.3,0.0,12.5,0.1,0.25
452,grid_452,1.0,13.3,0.0,12.5,0.1,0.5
453,grid_453,1.0,13.3,0.0,12.5,0.30000000000000004,0.0
454,grid_454,1.0,13.3,0.0,12.5,0.30000000000000004,0.25
455,grid_455,1.0,13.3,0.0,12.5,0.30000000000000004,0.5
456,grid_456,1.0,13.3,0.0,12.5,0.5,0.0
457,grid_457,1.0,13.3,0.0,12.5,0.5,0.25
458,grid_458,1.0,13.3,0.0,12.5,0.5,0.5
459,grid_459,1.0,13.3,1.0,11.0,0.1,0.0
460,grid_460,1.0,13.3,1.0,11.0,0.1,0.25
461,grid_461,1.0,13.3,1.0,11.0,0.1,0.5
462,grid_462,1.0,13.3,1.0,11.0,0.30000000000000004,0.0
463,grid_463,1.0,13.3,1.0,11.0,0.30000000000000004,0.25
464,grid_464,1.0,13.3,1.0,11.0,0.30000000000000004,0.5
465,grid_465,1.0,13.3,1.0,11.0,0.5,0.0
466,grid_466,1.0,13.3,1.0,11.0,0.5,0.25
467,grid_467,1.0,13.3,1.0,11.0,0.5,0.5
468,grid_468,1.0,13.3,1.0,11.75,0.1,0.0
469,grid_469,1.0,13.3,1.0,11.75,0.1,0.25
470,grid_470,1.0,13.3,1.0,11.75,0.1,0.5
471,grid_471,1.0,13.3,1.0,11.75,0.30000000000000004,0.0
472,grid_472,1.0,13.3,1.0,11.75,0.30000000000000004,0.25
473,grid_473,1.0,13.3,1.0,11.75,0.30000000000000004,0.5
474,grid_474,1.0,13.3,1.0,11.75,0.5,0.0
475,grid_475,1.0,13.3,1.0,11.75,0.5,0.25
476,grid_476,1.0,13.3,1.0,11.75,0.5,0.5
477,grid_477,1.0,13.3,1.0,12.5,0.1,0.0
478,grid_478,1.0,13.3,1.0,12.5,0.1,0.25
479,grid_479,1.0,13.3,1.0,12.5,0.1,0.5
480,grid_480,1.0,13.3,1.0,12.5,0.30000000000000004,0.0
481,grid_481,1.0,13.3,1.0,12.5,0.30000000000000004,0.25
482,grid_482,1.0,13.3,1.0,12.5,0.30000000000000004,0.5
483,grid_483,1.0,13.3,1.0,12.5,0.5,0.0
484,grid_484,1.0,13.3,1.0,12.5,0.5,0.25
485,grid_485,1.0,13.3,1.0,12.5,0.5,0.5
486,grid_486,1.5,12.5,-1.0,11.0,0.1,0.0
487,grid_487,1.5,12.5,-1.0,11.0,0.1,0.25
488,grid_488,1.5,12.5,-1.0,11.0,0.1,0.5
489,grid_489,1.5,12.5,-1.0,11.0,0.30000000000000004,0.0
490,grid_490,1.5,12.5,-1.0,11.0,0.30000000000000004,0.25
491,grid_491,1.5,12.5,-1.0,11.0,0.30000000000000004,0.5
492,grid_492,1.5,12.5,-1.0,11.0,0.5,0.0
493,grid_493,1.5,12.5,-1.0,11.0,0.5,0.25
494,grid_494,1.5,12.5,-1.0,11.0,0.5,0.5
495,grid_495,1.5,12.5,-1.0,11.75,0.1,0.0
496,grid_496,1.5,12.5,-1.0,11.75,0.1,0.25
497,grid_497,1.5,12.5,-1.0,11.75,0.1,0.5
498,grid_498,1.5,12.5,-1.0,11.75,0.30000000000000004,0.0
499,grid_499,1.5,12.5,-1.0,11.75,0.30000000000000004,0.25
500,grid_500,1.5,12.5,-1.0,11.75,0.30000000000000004,0.5
501,grid_501,1.5,12.5,-1.0,11.75,0.5,0.0
502,grid_502,1.5,12.5,-1.0,11.75,0.5,0.25
503,grid_503,1.5,12.5,-1.0,11.75,0.5,0.5
504,grid_504,1.5,12.5,-1.0,12.5,0.1,0.0
505,grid_505,1.5,12.5,-1.0,12.5,0.1,0.25
506,grid_506,1.5,12.5,-1.0,12.5,0.1,0.5
507,grid_507,1.5,12.5,-1.0,12.5,0.30000000000000004,0.0
508,grid_508,1.5,12.5,-1.0,12.5,0.30000000000000004,0.25
509,grid_509,1.5,12.5,-1.0,12.5,0.30000000000000004,0.5
510,grid_510,1.5,12.5,-1.0,12.5,0.5,0.0
511,grid_511,1.5,12.5,-1.0,12.5,0.5,0.25
512,grid_512,1.5,12.5,-1.0,12.5,0.5,0.5
513,grid_513,1.5,12.5,0.0,11.0,0.1,0.0
514,grid_514,1.5,12.5,0.0,11.0,0.1,0.25
515,grid_515,1.5,12.5,0.0,11.0,0.1,0.5
516,grid_516,1.5,12.5,0.0,11.0,0.30000000000000004,0.0
517,grid_517,1.5,12.5,0.0,11.0,0.30000000000000004,0.25
518,grid_518,1.5,12.5,0.0,11.0,0.30000000000000004,0.5
519,grid_519,1.5,12.5,0.0,11.0,0.5,0.0
520,grid_520,1.5,12.5,0.0,11.0,0.5,0.25
521,grid_521,1.5,12.5,0.0,11.0,0.5,0.5
522,grid_522,1.5,12.5,0.0,11.75,0.1,0.0
523,grid_523,1.5,12.5,0.0,11.75,0.1,0.25
524,grid_524,1.5,12.5,0.0,11.75,0.1,0.5
525,grid_525,1.5,12.5,0.0,11.75,0.30000000000000004,0.0
526,grid_526,1.5,12.5,0.0,11.75,0.30000000000000004,0.25
527,grid_527,1.5,12.5,0.0,11.75,0.30000000000000004,0.5
528,grid_528,1.5,12.5,0.0,11.75,0.5,0.0
529,grid_529,1.5,12.5,0.0,11.75,0.5,0.25
530,grid_530,1.5,12.5,0.0,11.75,0.5,0.5
531,grid_531,1.5,12.5,0.0,12.5,0.1,0.0
532,grid_532,1.5,12.5,0.0,12.5,0.1,0.25
533,grid_533,1.5,12.5,0.0,12.5,0.1,0.5
534,grid_534,1.5,12.5,0.0,12.5,0.30000000000000004,0.0
535,grid_535,1.5,12.5,0.0,12.5,0.30000000000000004,0.25
536,grid_536,1.5,12.5,0.0,12.5,0.30000000000000004,0.5
537,grid_537,1.5,12.5,0.0,12.5,0.5,0.0
538,grid_538,1.5,12.5,0.0,12.5,0.5,0.25
539,grid_539,1.5,12.5,0.0,12.5,0.5,0.5
540,grid_540,1.5,12.5,1.0,11.0,0.1,0.0
541,grid_541,1.5,12.5,1.0,11.0,0.1,0.25
542,grid_542,1.5,12.5,1.0,11.0,0.1,0.5
543,grid_543,1.5,12.5,1.0,11.0,0.30000000000000004,0.0
544,grid_544,1.5,12.5,1.0,11.0,0.30000000000000004,0.25
545,grid_545,1.5,12.5,1.0,11.0,0.30000000000000004,0.5
546,grid_546,1.5,12.5,1.0,11.0,0.5,0.0
547,grid_547,1.5,12.5,1.0,11.0,0.5,0.25
548,grid_548,1.5,12.5,1.0,11.0,0.5,0.5
549,grid_549,1.5,12.5,1.0,11.75,0.1,0.0
550,grid_550,1.5,12.5,1.0,11.75,0.1,0.25
551,grid_551,1.5,12.5,1.0,11.75,0.1,0.5
552,grid_552,1.5,12.5,1.0,11.75,0.30000000000000004,0.0
553,grid_553,1.5,12.5,1.0,11.75,0.30000000000000004,0.25
554,grid_554,1.5,12.5,1.0,11.75,0.30000000000000004,0.5
555,grid_555,1.5,12.5,1.0,11.75,0.5,0.0
556,grid_556,1.5,12.5,1.0,11.75,0.5,0.25
557,grid_557,1.5,12.5,1.0,11.75,0.5,0.5
558,grid_558,1.5,12.5,1.0,12.5,0.1,0.0
559,grid_559,1.5,12.5,1.0,12.5,0.1,0.25
560,grid_560,1.5,12.5,1.0,12.5,0.1,0.5
561,grid_561,1.5,12.5,1.0,12.5,0.30000000000000004,0.0
562,grid_562,1.5,12.5,1.0,12.5,0.30000000000000004,0.25
563,grid_563,1.5,12.5,1.0,12.5,0.30000000000000004,0.5
564,grid_564,1.5,12.5,1.0,12.5,0.5,0.0
565,grid_565,1.5,12.5,1.0,12.5,0.5,0.25
566,grid_566,1.5,12.5,1.0,12.5,0.5,0.5
567,grid_567,1.5,12.9,-1.0,11.0,0.1,0.0
568,grid_568,1.5,12.9,-1.0,11.0,0.1,0.25
569,grid_569,1.5,12.9,-1.0,11.0,0.1,0.5
570,grid_570,1.5,12.9,-1.0,11.0,0.30000000000000004,0.0
571,grid_571,1.5,12.9,-1.0,11.0,0.30000000000000004,0.25
572,grid_572,1.5,12.9,-1.0,11.0,0.30000000000000004,0.5
573,grid_573,1.5,12.9,-1.0,11.0,0.5,0.0
574,grid_574,1.5,12.9,-1.0,11.0,0.5,0.25
575,grid_575,1.5,12.9,-1.0,11.0,0.5,0.5
576,grid_576,1.5,12.9,-1.0,11.75,0.1,0.0
577,grid_577,1.5,12.9,-1.0,11.75,0.1,0.25
578,grid_578,1.5,12.9,-1.0,11.75,0.1,0.5
579,grid_579,1.5,12.9,-1.0,11.75,0.30000000000000004,0.0
580,grid_580,1.5,12.9,-1.0,11.75,0.30000000000000004,0.25
581,grid_581,1.5,12.9,-1.0,11.75,0.30000000000000004,0.5
582,grid_582,1.5,12.9,-1.0,11.75,0.5,0.0
583,grid_583,1.5,12.9,-1.0,11.75,0.5,0.25
584,grid_584,1.5,12.9,-1.0,11.75,0.5,0.5
585,grid_585,1.5,12.9,-1.0,12.5,0.1,0.0
586,grid_586,1.5,12.9,-1.0,12.5,0.1,0.25
587,grid_587,1.5,12.9,-1.0,12.5,0.1,0.5
588,grid_588,1.5,12.9,-1.0,12.5,0.30000000000000004,0.0
589,grid_589,1.5,12.9,-1.0,12.5,0.30000000000000004,0.25
590,grid_590,1.5,12.9,-1.0,12.5,0.30000000000000004,0.5
591,grid_591,1.5,12.9,-1.0,12.5,0.5,0.0
592,grid_592,1.5,12.9,-1.0,12.5,0.5,0.25
593,grid_593,1.5,12.9,-1.0,12.5,0.5,0.5
594,grid_594,1.5,12.9,0.0,11.0,0.1,0.0
595,grid_595,1.5,12.9,0.0,11.0,0.1,0.25
596,grid_596,1.5,12.9,0.0,11.0,0.1,0.5
597,grid_597,1.5,12.9,0.0,11.0,0.30000000000000004,0.0
598,grid_598,1.5,12.9,0.0,11.0,0.30000000000000004,0.25
599,grid_599,1.5,12.9,0.0,11.0,0.30000000000000004,0.5
600,grid_600,1.5,12.9,0.0,11.0,0.5,0.0
601,grid_601,1.5,12.9,0.0,11.0,0.5,0.25
602,grid_602,1.5,12.9,0.0,11.0,0.5,0.5
603,grid_603,1.5,12.9,0.0,11.75,0.1,0.0
604,grid_604,1.5,12.9,0.0,11.75,0.1,0.25
605,grid_605,1.5,12.9,0.0,11.75,0.1,0.5
606,grid_606,1.5,12.9,0.0,11.75,0.30000000000000004,0.0
607,grid_607,1.5,12.9,0.0,11.75,0.30000000000000004,0.25
608,grid_608,1.5,12.9,0.0,11.75,0.30000000000000004,0.5
609,grid_609,1.5,12.9,0.0,11.75,0.5,0.0
610,grid_610,1.5,12.9,0.0,11.75,0.5,0.25
611,grid_611,1.5,12.9,0.0,11.75,0.5,0.5
612,grid_612,1.5,12.9,0.0,12.5,0.1,0.0
613,grid_613,1.5,12.9,0.0,12.5,0.1,0.25
614,grid_614,1.5,12.9,0.0,12.5,0.1,0.5
615,grid_615,1.5,12.9,0.0,12.5,0.30000000000000004,0.0
616,grid_616,1.5,12.9,0.0,12.5,0.30000000000000004,0.25
617,grid_617,1.5,12.9,0.0,12.5,0.30000000000000004,0.5
618,grid_618,1.5,12.9,0.0,12.5,0.5,0.0
619,grid_619,1.5,12.9,0.0,12.5,0.5,0.25
620,grid_620,1.5,12.9,0.0,12.5,0.5,0.5
621,grid_621,1.5,12.9,1.0,11.0,0.1,0.0
622,grid_622,1.5,12.9,1.0,11.0,0.1,0.25
623,grid_623,1.5,12.9,1.0,11.0,0.1,0.5
624,grid_624,1.5,12.9,1.0,11.0,0.30000000000000004,0.0
625,grid_625,1.5,12.9,1.0,11.0,0.30000000000000004,0.25
626,grid_626,1.5,12.9,1.0,11.0,0.30000000000000004,0.5
627,grid_627,1.5,12.9,1.0,11.0,0.5,0.0
628,grid_628,1.5,12.9,1.0,11.0,0.5,0.25
629,grid_629,1.5,12.9,1.0,11.0,0.5,0.5
630,grid_630,1.5,12.9,1.0,11.75,0.1,0.0
631,grid_631,1.5,12.9,1.0,11.75,0.1,0.25
632,grid_632,1.5,12.9,1.0,11.75,0.1,0.5
633,grid_633,1.5,12.9,1.0,11.75,0.30000000000000004,0.0
634,grid_634,1.5,12.9,1.0,11.75,0.30000000000000004,0.25
635,grid_635,1.5,12.9,1.0,11.75,0.30000000000000004,0.5
636,grid_636,1.5,12.9,1.0,11.75,0.5,0.0
637,grid_637,1.5,12.9,1.0,11.75,0.5,0.25
638,grid_638,1.5,12.9,1.0,11.75,0.5,0.5
639,grid_639,1.5,12.9,1.0,12.5,0.1,0.0
640,grid_640,1.5,12.9,1.0,12.5,0.1,0.25
641,grid_641,1.5,12.9,1.0,12.5,0.1,0.5
642,grid_642,1.5,12.9,1.0,12.5,0.30000000000000004,0.0
643,grid_643,1.5,12.9,1.0,12.5,0.30000000000000004,0.25
644,grid_644,1.5,12.9,1.0,12.5,0.30000000000000004,0.5
645,grid_645,1.5,12.9,1.0,12.5,0.5,0.0
646,grid_646,1.5,12.9,1.0,12.5,0.5,0.25
647,grid_647,1.5,12.9,1.0,12.5,0.5,0.5
648,grid_648,1.5,13.3,-1.0,11.0,0.1,0.0
649,grid_649,1.5,13.3,-1.0,11.0,0.1,0.25
650,grid_650,1.5,13.3,-1.0,11.0,0.1,0.5
651,grid_651,1.5,13.3,-1.0,11.0,0.30000000000000004,0.0
652,grid_652,1.5,13.3,-1.0,11.0,0.30000000000000004,0.25
653,grid_653,1.5,13.3,-1.0,11.0,0.30000000000000004,0.5
654,grid_654,1.5,13.3,-1.0,11.0,0.5,0.0
655,grid_655,1.5,13.3,-1.0,11.0,0.5,0.25
656,grid_656,1.5,13.3,-1.0,11.0,0.5,0.5
657,grid_657,1.5,13.3,-1.0,11.75,0.1,0.0
658,grid_658,1.5,13.3,-1.0,11.75,0.1,0.25
659,grid_659,1.5,13.3,-1.0,11.75,0.1,0.5
660,grid_660,1.5,13.3,-1.0,11.75,0.30000000000000004,0.0
661,grid_661,1.5,13.3,-1.0,11.75,0.30000000000000004,0.25
662,grid_662,1.5,13.3,-1.0,11.75,0.30000000000000004,0.5
663,grid_663,1.5,13.3,-1.0,11.75,0.5,0.0
664,grid_664,1.5,13.3,-1.0,11.75,0.5,0.25
665,grid_665,1.5,13.3,-1.0,11.75,0.5,0.5
666,grid_666,1.5,13.3,-1.0,12.5,0.1,0.0
667,grid_667,1.5,13.3,-1.0,12.5,0.1,0.25
668,grid_668,1.5,13.3,-1.0,12.5,0.1,0.5
669,grid_669,1.5,13.3,-1.0,12.5,0.30000000000000004,0.0
670,grid_670,1.5,13.3,-1.0,12.5,0.30000000000000004,0.25
671,grid_671,1.5,13.3,-1.0,12.5,0.30000000000000004,0.5
672,grid_672,1.5,13.3,-1.0,12.5,0.5,0.0
673,grid_673,1.5,13.3,-1.0,12.5,0.5,0.25
674,grid_674,1.5,13.3,-1.0,12.5,0.5,0.5
675,grid_675,1.5,13.3,0.0,11.0,0.1,0.0
676,grid_676,1.5,13.3,0.0,11.0,0.1,0.25
677,grid_677,1.5,13.3,0.0,11.0,0.1,0.5
678,grid_678,1.5,13.3,0.0,11.0,0.30000000000000004,0.0
679,grid_679,1.5,13.3,0.0,11.0,0.30000000000000004,0.25
680,grid_680,1.5,13.3,0.0,11.0,0.30000000000000004,0.5
681,grid_681,1.5,13.3,0.0,11.0,0.5,0.0
682,grid_682,1.5,13.3,0.0,11.0,0.5,0.25
683,grid_683,1.5,13.3,0.0,11.0,0.5,0.5
684,grid_684,1.5,13.3,0.0,11.75,0.1,0.0
685,grid_685,1.5,13.3,0.0,11.75,0.1,0.25
686,grid_686,1.5,13.3,0.0,11.75,0.1,0.5
687,grid_687,1.5,13.3,0.0,11.75,0.30000000000000004,0.0
688,grid_688,1.5,13.3,0.0,11.75,0.30000000000000004,0.25
689,grid_689,1.5,13.3,0.0,11.75,0.30000000000000004,0.5
690,grid_690,1.5,13.3,0.0,11.75,0.5,0.0
691,grid_691,1.5,13.3,0.0,11.75,0.5,0.25
692,grid_692,1.5,13.3,0.0,11.75,0.5,0.5
693,grid_693,1.5,13.3,0.0,12.5,0.1,0.0
694,grid_694,1.5,13.3,0.0,12.5,0.1,0.25
695,grid_695,1.5,13.3,0.0,12.5,0.1,0.5
696,grid_696,1.5,13.3,0.0,12.5,0.30000000000000004,0.0
697,grid_697,1.5,13.3,0.0,12.5,0.30000000000000004,0.25
698,grid_698,1.5,13.3,0.0,12.5,0.30000000000000004,0.5
699,grid_699,1.5,13.3,0.0,12.5,0.5,0.0
700,grid_700,1.5,13.3,0.0,12.5,0.5,0.25
701,grid_701,1.5,13.3,0.0,12.5,0.5,0.5
702,grid_702,1.5,13.3,1.0,11.0,0.1,0.0
703,grid_703,1.5,13.3,1.0,11.0,0.1,0.25
704,grid_704,1.5,13.3,1.0,11.0,0.1,0.5
705,grid_705,1.5,13.3,1.0,11.0,0.30000000000000004,0.0
706,grid_706,1.5,13.3,1.0,11.0,0.30000000000000004,0.25
707,grid_707,1.5,13.3,1.0,11.0,0.30000000000000004,0.5
708,grid_708,1.5,13.3,1.0,11.0,0.5,0.0
709,grid_709,1.5,13.3,1.0,11.0,0.5,0.25
710,grid_710,1.5,13.3,1.0,11.0,0.5,0.5
711,grid_711,1.5,13.3,1.0,11.75,0.1,0.0
712,grid_712,1.5,13.3,1.0,11.75,0.1,0.25
713,grid_713,1.5,13.3,1.0,11.75,0.1,0.5
714,grid_714,1.5,13.3,1.0,11.75,0.30000000000000004,0.0
715,grid_715,1.5,13.3,1.0,11.75,0.30000000000000004,0.25
716,grid_716,1.5,13.3,1.0,11.75,0.30000000000000004,0.5
717,grid_717,1.5,13.3,1.0,11.75,0.5,0.0
718,grid_718,1.5,13.3,1.0,11.75,0.5,0.25
719,grid_719,1.5,13.3,1.0,11.75,0.5,0.5
720,grid_720,1.5,13.3,1.0,12.5,0.1,0.0
721,grid_721,1.5,13.3,1.0,12.5,0.1,0.25
722,grid_722,1.5,13.3,1.0,12.5,0.1,0.5
723,grid_723,1.5,13.3,1.0,12.5,0.30000000000000004,0.0
724,grid_724,1.5,13.3,1.0,12.5,0.30000000000000004,0.25
725,grid_725,1.5,13.3,1.0,12.5,0.30000000000000004,0.5
726,grid_726,1.5,13.3,1.0,12.5,0.5,0.0
727,grid_727,1.5,13.3,1.0,12.5,0.5,0.25
728,grid_728,1.5,13.3,1.0,12.5,0.5,0.5
